ID,Name,PhotoURL
705844243,Grace Johnston,https://randomuser.me/api/portraits/women/32.jpg
481809213,Byron Bell,https://randomuser.me/api/portraits/men/68.jpg
511158086,Carlos Henderson,https://randomuser.me/api/portraits/men/47.jpg
804027272,Scott Robinson,https://randomuser.me/api/portraits/men/64.jpg
860794604,Lillie Hernandez,https://randomuser.me/api/portraits/women/29.jpg
769037663,Hugh Ramirez,https://randomuser.me/api/portraits/men/88.jpg
179304198,Bobby Green,https://randomuser.me/api/portraits/men/88.jpg
168082217,Daisy Montgomery,https://randomuser.me/api/portraits/women/8.jpg
349148054,Vivan Harris,https://randomuser.me/api/portraits/women/81.jpg
560263485,Yolanda Gordon,https://randomuser.me/api/portraits/women/95.jpg
